{"loss/mean":7.937050819396973,"loss/source":2.7754621505737305,"loss/physical":2.3854215145111084,"loss/area":0.8575704097747803,"logit_scale":2.6576340198516846,"step":620,"_wandb":{"runtime":480},"epoch":1,"loss/distance":0.39647072553634644,"_runtime":480.668550092,"loss/dir":-0.39133569598197937,"_timestamp":1.754375508428412e+09,"loss/space":2.776167392730713,"loss/reverb":1.5227160453796387,"_step":61}