{"_runtime":243.633637733,"loss/space":3.4694838523864746,"loss/source":3.467477798461914,"_timestamp":1.7538618378981035e+09,"_step":15,"epoch":1,"_wandb":{"runtime":250},"step":160,"loss/mean":3.4684808254241943}