{"loss/area":0.6847424507141113,"_step":564,"loss/source":2.772521495819092,"loss/mean":7.084690093994141,"loss/physical":1.5380942821502686,"loss/reverb":1.4561352729797363,"_wandb":{"runtime":5217},"_timestamp":1.754984100706007e+09,"loss/space":2.7740745544433594,"step":5650,"loss/dir":-0.7384225130081177,"loss/distance":0.13563911616802216,"_runtime":4244.982173649,"logit_scale":2.5419180393218994,"epoch":1}