{"loss/space":2.782771110534668,"loss/physical":3.1748266220092773,"loss/dir":-0.9991883039474487,"logit_scale":14.238622665405273,"epoch":1,"step":1260,"loss/source":2.774359703063965,"loss/mean":8.73195743560791,"_runtime":921.299082289,"loss/distance":2.4842896461486816,"_step":125,"_wandb":{"runtime":925},"_timestamp":1.7552589767969007e+09,"loss/area":0.2265680879354477,"loss/reverb":1.463157296180725}