{"_timestamp":1.7549885436515925e+09,"loss/physical":0.7983554601669312,"_step":46,"step":470,"loss/dir":-0.7358526587486267,"_wandb":{"runtime":859},"_runtime":834.210617523,"loss/mean":8.18716049194336,"loss/space":3.6985366344451904,"loss/source":3.6902687549591064,"loss/distance":0.13807986676692963,"logit_scale":2.6464879512786865,"epoch":1,"loss/reverb":1.2338364124298096,"loss/area":0.16229179501533508}