{"_wandb":{"runtime":4817},"loss/source":3.796182632446289,"_step":319,"loss/space":5.7036285400390625,"loss/mean":4.749905586242676,"step":3200,"epoch":1,"_timestamp":1.7532635245637689e+09,"_runtime":4813.342399558}