{"epoch":1,"logit_scale":14.270127296447754,"loss/reverb":1.0351933240890503,"_timestamp":1.755354936603593e+09,"_wandb":{"runtime":295},"loss/space":4.1613383293151855,"loss/area":1.6465126276016235,"step":20,"_runtime":94.201965799,"loss/physical":3.4159369468688965,"loss/mean":11.751569747924805,"loss/source":4.174294948577881,"loss/dir":0.04837244004011154,"loss/distance":0.685858428478241,"_step":1}