{"loss/source":4.165467262268066,"loss/reverb":0.13409119844436646,"loss/space":3.9281740188598633,"loss/physical":0.8183923959732056,"loss/mean":8.912034034729004,"_timestamp":1.7552580319080741e+09,"_wandb":{"runtime":1386},"epoch":1,"loss/area":1.2020275592803955,"_runtime":1369.048328617,"_step":47,"loss/distance":0.29836076498031616,"step":480,"logit_scale":14.267780303955078,"loss/dir":-0.8160871267318726}