{"loss/distance":0.9402040839195251,"_timestamp":1.7543739422710092e+09,"loss/dir":0.027510980144143105,"epoch":1,"loss/source":2.7771973609924316,"loss/area":0.6210306882858276,"loss/reverb":0.050200678408145905,"loss/space":2.7801308631896973,"step":100,"loss/mean":7.196274757385254,"loss/physical":1.638946533203125,"logit_scale":2.6589977741241455,"_wandb":{"runtime":86},"_step":9,"_runtime":82.882646344}