{"loss/area":1.0151395797729492,"loss/space":2.772291660308838,"step":160,"_step":15,"_runtime":187.224350932,"_wandb":{"runtime":194},"loss/physical":2.4819724559783936,"loss/reverb":1.2054235935211182,"logit_scale":14.18504524230957,"loss/source":2.772705316543579,"loss/dir":-0.7293235063552856,"_timestamp":1.7553547740457683e+09,"loss/mean":8.026969909667969,"loss/distance":0.9907327890396118,"epoch":1}