{"epoch":1,"_step":42,"loss/source":185.0190887451172,"_timestamp":1.7532584301454206e+09,"loss/space":289.15380859375,"_wandb":{"runtime":663},"step":430,"_runtime":651.495152054,"loss/mean":237.08645629882812}