{"_step":42,"_wandb":{"runtime":325},"_timestamp":1.7549754785478916e+09,"loss/physical":2.5960278511047363,"loss/distance":1.6197764873504639,"loss/dir":-0.6119730472564697,"loss/reverb":0.43176037073135376,"_runtime":322.908867326,"loss/area":1.1564642190933228,"loss/space":2.779125690460205,"logit_scale":2.658132314682007,"step":430,"loss/source":2.776705026626587,"epoch":1,"loss/mean":8.151859283447266}