{"loss/area":0.11430872976779938,"step":380,"_timestamp":1.7549789843780208e+09,"loss/reverb":0.30315619707107544,"_wandb":{"runtime":299},"loss/dir":-0.6990268230438232,"loss/physical":0.6254521608352661,"loss/mean":6.543773651123047,"_step":37,"logit_scale":2.6582634449005127,"loss/distance":0.9070140719413757,"_runtime":293.416353588,"epoch":1,"loss/space":3.1090848445892334,"loss/source":2.809236764907837}