{"epoch":1,"loss/distance":0.5370613932609558,"loss/reverb":0.40834417939186096,"_timestamp":1.7549876080344882e+09,"loss/space":3.6825599670410156,"step":1160,"logit_scale":2.6387810707092285,"_runtime":2052.384647124,"_step":115,"loss/area":0.5668208599090576,"loss/dir":-0.8451534509658813,"loss/physical":0.6670730113983154,"_wandb":{"runtime":2071},"loss/mean":8.039292335510254,"loss/source":3.6896591186523438}